{"model":{"version":3,"nodes":[{"name":"RootNode","position":[0,0,0],"rotation":[0,0,0],"scale":[1,1,1],"scaleCompensation":false},{"name":"yqbl","position":[0,0,0],"rotation":[-90,-0,0],"scale":[5.86003,5.86003,5.86003],"scaleCompensation":false}],"parents":[-1,0],"skins":[],"morphs":[],"vertices":[{"position":{"type":"float32","components":3,"data":[0.00767317,0.0120822,0.0592956,0.00798295,0.0243071,0.0614574,0.00717448,0.071044,0.0598244,0.00642547,0.0705148,0.0572939,-0.000675514,-0.0672849,0.0220157,0.00101015,0.0660832,0.0360988,-0.00156112,0.0643649,0.0260701,-0.00323185,-0.069427,0.0121412,0.00210946,-0.0478517,0.0338173,-0.00534628,-0.0720282,0.000150481,-0.00491738,-0.0716008,0.0021208,-0.00744548,0.0597839,0.00597133,-0.00815212,0.0585436,0.00452112,-0.00456018,0.062044,0.0130443,0.00797994,0.0716219,0.0625883,0.00815213,0.0421713,0.0631878,0.00803188,0.0720283,0.0645321,0.00477649,-0.0263796,0.0454673,0.0037559,0.0683006,0.0467038,0.00637507,-0.00926326,0.0529589,0.00566023,0.0696974,0.0533844,0.0059734,0.0702369,0.0559648,0.00697457,-0.000771921,0.055887,0.00716335,0.00270246,0.0568083]},"normal":{"type":"float32","components":3,"data":[-0.968396,-0.0136222,0.249045,-0.980263,-0.0100585,0.19744,-0.96023,-0.00500457,0.279164,-0.952957,-0.00997044,0.302942,-0.967328,-0.0143243,0.253122,-0.967634,-0.0139784,0.251971,-0.970524,-0.0130616,0.240652,-0.97753,-0.0194992,0.209893,-0.967775,-0.0143719,0.251406,-0.97515,-0.0252497,0.220102,-0.979906,-0.0246561,0.197931,-0.916094,-0.0195674,0.400485,-0.88649,-0.0344962,0.461461,-0.956149,-0.0116708,0.292649,-0.990086,-0.00293059,0.14043,-0.980137,-0.00957695,0.198092,-0.999599,-0.00527848,0.0278159,-0.968911,-0.0141934,0.247002,-0.964155,-0.0118308,0.265076,-0.971114,-0.0134763,0.238234,-0.981763,-0.00991125,0.18985,-0.971455,-0.00953823,0.237032,-0.970614,-0.0139482,0.240239,-0.96793,-0.0139219,0.250833]},"texCoord0":{"type":"float32","components":2,"data":[0.3203,0.7172,0.363,0.7232,0.5248,0.7105,0.5227,0.7013,0.0405,0.5936,0.5047,0.6251,0.4961,0.5895,0.0318,0.5593,0.1094,0.6331,0.0212,0.5175,0.0229,0.5244,0.4789,0.5189,0.4745,0.5135,0.485,0.5435,0.5272,0.7206,0.4252,0.727,0.5288,0.7278,0.1853,0.6725,0.5137,0.6628,0.2455,0.6975,0.5194,0.6871,0.5216,0.6965,0.2753,0.7067,0.2875,0.7096]}}],"meshes":[{"aabb":{"min":[-0.00815212,-0.0720282,0.000150481],"max":[0.00815213,0.0720283,0.0645321]},"vertices":0,"indices":[0,1,2,2,3,0,4,5,6,6,7,4,4,8,5,9,10,11,11,12,9,6,13,7,14,15,16,11,10,7,7,13,11,5,8,17,17,18,5,15,14,2,2,1,15,19,20,18,18,17,19,21,22,23,0,3,21,21,23,0,21,20,19,19,22,21],"type":"triangles","base":0,"count":66}],"meshInstances":[{"node":1,"mesh":0}]}}