{"model":{"version":3,"nodes":[{"name":"RootNode","position":[0,0,0],"rotation":[0,0,0],"scale":[1,1,1],"scaleCompensation":false},{"name":"zhbl","position":[0,0,0],"rotation":[-90,-0,0],"scale":[5.86003,5.86003,5.86003],"scaleCompensation":false}],"parents":[-1,0],"skins":[],"morphs":[],"vertices":[{"position":{"type":"float32","components":3,"data":[0.00700791,-0.00387986,0.00626114,0.00715452,-0.0651171,0.00542354,0.00817339,-0.0655993,0.000568997,0.00800472,-0.00360986,0.00165555,0.0048936,-0.00442726,0.0157437,0.00493208,-0.0643143,0.0153004,-0.00693198,-0.00662326,0.0590109,-0.00812845,-0.060774,0.0594906,0.00558552,0.0628642,0.00717408,0.00657378,0.0625568,0.00281531,0.003563,0.0636587,0.0162478,-0.00249016,0.0655993,0.0377854,-0.00817341,0.0594826,0.0584253]},"normal":{"type":"float32","components":3,"data":[0.976575,0.00843346,0.215013,0.977256,-0.000560855,0.212063,0.978602,-0.000497348,0.205764,0.977194,0.00864615,0.212173,0.970353,0.0086168,0.241537,0.969257,-0.00556605,0.245985,0.963219,0.00542207,0.268663,0.958418,-0.018654,0.284757,0.975832,0.0173958,0.21783,0.975364,0.0172387,0.219928,0.969539,0.0171387,0.244338,0.962821,0.0166543,0.269625,0.963201,0.0178269,0.268192]},"texCoord0":{"type":"float32","components":2,"data":[0.2399,0.7693,0.0145,0.7631,0.013,0.7448,0.2411,0.752,0.2374,0.8051,0.017,0.8004,0.2271,0.9701,0.0277,0.9694,0.4856,0.7771,0.4847,0.7606,0.488,0.8114,0.494,0.8933,0.4704,0.972]}}],"meshes":[{"aabb":{"min":[-0.00817341,-0.0655993,0.000568997],"max":[0.00817339,0.0655993,0.0594906]},"vertices":0,"indices":[0,1,2,2,3,0,0,4,5,5,1,0,6,7,5,5,4,6,8,0,3,3,9,8,8,10,4,4,0,8,4,10,11,12,6,4,4,11,12],"type":"triangles","base":0,"count":39}],"meshInstances":[{"node":1,"mesh":0}]}}