{"model":{"version":3,"nodes":[{"name":"RootNode","position":[0,0,0],"rotation":[0,0,0],"scale":[1,1,1],"scaleCompensation":false},{"name":"zqbl","position":[0,0,0],"rotation":[-90,-0,0],"scale":[5.86003,5.86003,5.86003],"scaleCompensation":false}],"parents":[-1,0],"skins":[],"morphs":[],"vertices":[{"position":{"type":"float32","components":3,"data":[-0.00767321,0.0120822,0.0592956,-0.00642547,0.0705148,0.0572939,-0.00717447,0.0710439,0.0598244,-0.00798296,0.0243071,0.0614574,-0.00101016,0.0660831,0.0360987,-0.00210953,-0.0478518,0.0338173,0.000675403,-0.067285,0.0220157,0.00156112,0.0643648,0.0260701,0.00323175,-0.0694271,0.0121412,0.00534617,-0.0720282,0.000150446,0.00815212,0.0585436,0.00452109,0.00744546,0.0597838,0.0059713,0.00491727,-0.0716008,0.00212077,0.00456017,0.0620439,0.0130443,-0.00797993,0.0716218,0.0625883,-0.00803187,0.0720282,0.0645321,-0.00815213,0.0421713,0.0631877,-0.00375591,0.0683006,0.0467038,-0.00477654,-0.0263797,0.0454673,-0.00637513,-0.00926331,0.0529589,-0.00566022,0.0696974,0.0533844,-0.0059734,0.0702369,0.0559648,-0.0071634,0.00270239,0.0568083,-0.00697461,-0.000771977,0.055887]},"normal":{"type":"float32","components":3,"data":[0.968396,-0.0136229,0.249044,0.952957,-0.00997115,0.302942,0.960231,-0.00500492,0.279162,0.980265,-0.0100593,0.197431,0.967634,-0.013979,0.251971,0.967776,-0.0143724,0.251403,0.967328,-0.0143251,0.253123,0.970524,-0.0130623,0.240652,0.97753,-0.0195,0.209893,0.97515,-0.0252504,0.220102,0.886485,-0.0344971,0.461469,0.916093,-0.0195681,0.400487,0.979906,-0.0246568,0.197931,0.956149,-0.0116714,0.292648,0.990086,-0.00293056,0.14043,0.999599,-0.00527848,0.0278158,0.980138,-0.00957757,0.198087,0.964155,-0.0118314,0.265075,0.968911,-0.0141939,0.247002,0.971114,-0.0134768,0.238235,0.981763,-0.00991198,0.18985,0.971455,-0.0095389,0.237034,0.967926,-0.0139224,0.250848,0.970614,-0.0139487,0.240238]},"texCoord0":{"type":"float32","components":2,"data":[0.3203,0.7172,0.5227,0.7013,0.5248,0.7105,0.363,0.7232,0.5047,0.6251,0.1094,0.6331,0.0405,0.5936,0.4961,0.5895,0.0318,0.5593,0.0212,0.5175,0.4745,0.5135,0.4789,0.5189,0.0229,0.5244,0.485,0.5435,0.5272,0.7206,0.5288,0.7278,0.4252,0.727,0.5137,0.6628,0.1853,0.6725,0.2455,0.6975,0.5194,0.6871,0.5216,0.6965,0.2875,0.7096,0.2753,0.7067]}}],"meshes":[{"aabb":{"min":[-0.00815213,-0.0720282,0.000150446],"max":[0.00815212,0.0720282,0.0645321]},"vertices":0,"indices":[0,1,2,2,3,0,4,5,6,7,4,6,6,8,7,9,10,11,11,12,9,8,13,7,14,15,16,11,13,8,8,12,11,4,17,18,18,5,4,16,3,2,2,14,16,19,18,17,17,20,19,21,22,23,0,22,21,21,1,0,21,23,19,19,20,21],"type":"triangles","base":0,"count":66}],"meshInstances":[{"node":1,"mesh":0}]}}