{"model":{"version":3,"nodes":[{"name":"RootNode","position":[0,0,0],"rotation":[0,0,0],"scale":[1,1,1],"scaleCompensation":false},{"name":"tc","position":[6.72889e-07,0,0],"rotation":[-90,-0,0],"scale":[5.86003,5.86003,5.86003],"scaleCompensation":false}],"parents":[-1,0],"skins":[],"morphs":[],"vertices":[{"position":{"type":"float32","components":3,"data":[-6.51926e-09,0.000671148,0.00298929,-2.42144e-08,-0.0473134,0.00264174,0.0340811,-0.046643,0.00200245,0.0334253,0.000448279,0.00233969,-2.56114e-08,-0.0515961,0.00175014,0.0339305,-0.0514304,0.0011462,-4.14439e-08,-0.0963524,-0.000280082,-4.33065e-08,-0.101653,-0.000729978,0.0340356,-0.101502,-0.00114489,0.0340541,-0.0961563,-0.000497192,0.0579049,-0.108731,-0.00292259,0.0580804,-0.102574,-0.00237826,0.0339881,-0.108912,-0.0017682,0.0582678,-0.0960051,-0.00179633,0.0591567,-0.0512979,0.000251263,0.0593824,-0.0461089,0.00109485,0.0599303,0.000257388,0.00136855,-4.65661e-08,-0.109148,-0.00136608,0.0624568,-0.106869,-0.00298932,0.0655519,-0.102907,-0.00276145,0.0674454,-0.0959477,-0.00228876,0.0681805,-0.0512636,2.01166e-05,0.067996,-0.0459271,0.000785887,0.0687671,0.000193775,0.00104481,-0.0334254,0.000448287,0.00233969,-0.0340811,-0.046643,0.00200248,-0.0339305,-0.0514304,0.0011462,-0.0340541,-0.0961563,-0.000497192,-0.0340357,-0.101502,-0.00114489,-0.057905,-0.108731,-0.00292259,-0.0339882,-0.108912,-0.00176817,-0.0580805,-0.102574,-0.0023782,-0.0582679,-0.096005,-0.00179631,-0.0591568,-0.0512978,0.000251293,-0.0593824,-0.0461089,0.00109485,-0.0599303,0.00025744,0.00136858,-0.065552,-0.102907,-0.00276145,-0.0624569,-0.106869,-0.00298932,-0.0674455,-0.0959477,-0.00228876,-0.0681806,-0.0512636,2.01166e-05,-0.0679961,-0.045927,0.000785887,-0.068767,0.000193819,0.00104481]},"normal":{"type":"float32","components":3,"data":[1.74507e-07,-0.00703145,0.999975,1.9808e-07,-0.105902,0.994377,0.0292222,-0.0922313,0.995309,0.027771,-0.00666569,0.999592,-3.83417e-08,-0.122308,0.992492,0.0284513,-0.107131,0.993838,-9.63805e-09,-0.0668102,0.997766,1.71176e-07,-0.0845233,0.996422,0.030383,-0.100482,0.994475,0.0300917,-0.0814799,0.996221,0.0480596,-0.089822,0.994798,0.0470431,-0.0893894,0.994885,0.0304647,-0.0840283,0.995998,0.0506316,-0.0695227,0.996295,0.034301,-0.100871,0.994308,0.0369321,-0.084907,0.995704,0.0365329,-0.00628218,0.999313,4.1544e-07,-0.084574,0.996417,0.0557464,-0.100693,0.993355,0.050549,-0.0876624,0.994867,0.053872,-0.0658603,0.996373,0.027685,-0.0939569,0.995191,0.0332284,-0.0769821,0.996479,0.0365658,-0.00622143,0.999312,-0.0277708,-0.00666546,0.999592,-0.0292226,-0.0922341,0.995308,-0.0284511,-0.107133,0.993837,-0.0300911,-0.08148,0.996221,-0.0303829,-0.100481,0.994475,-0.0480609,-0.0898294,0.994797,-0.0304652,-0.0840246,0.995998,-0.0470459,-0.089392,0.994885,-0.0506331,-0.0695212,0.996295,-0.0343016,-0.100869,0.994308,-0.036932,-0.0849045,0.995704,-0.0365338,-0.00628252,0.999313,-0.0505545,-0.0876641,0.994866,-0.0557466,-0.100693,0.993354,-0.0538752,-0.0658607,0.996373,-0.0276884,-0.093957,0.995191,-0.0332297,-0.0769814,0.996479,-0.0365693,-0.00622144,0.999312]},"texCoord0":{"type":"float32","components":2,"data":[0.3659,0.0221989,0.5336,0.0226989,0.5307,0.1324,0.3669,0.1297,0.5499,0.0229989,0.5481,0.1322,0.7062,0.0254989,0.7254,0.025999,0.7227,0.1356,0.7037,0.1351,0.7465,0.219,0.7251,0.2191,0.7487,0.1361,0.7022,0.2192,0.547,0.2197,0.5288,0.2202,0.3679,0.2216,0.7522,0.0267989,0.7397,0.2346,0.726,0.245,0.7019,0.2511,0.547,0.2422,0.5283,0.2501,0.3684,0.2522,0.3669,0.1297,0.5307,0.1324,0.5481,0.1322,0.7037,0.1351,0.7227,0.1356,0.7465,0.219,0.7487,0.1361,0.7251,0.2191,0.7022,0.2192,0.547,0.2197,0.5288,0.2202,0.3679,0.2216,0.726,0.245,0.7397,0.2346,0.7019,0.2511,0.547,0.2422,0.5283,0.2501,0.3684,0.2522]}}],"meshes":[{"aabb":{"min":[-0.068767,-0.109148,-0.00298932],"max":[0.0687671,0.000671148,0.00298929]},"vertices":0,"indices":[0,1,2,2,3,0,1,4,5,5,2,1,6,7,8,8,9,6,4,6,9,9,5,4,10,11,8,8,12,10,13,9,8,8,11,13,9,13,14,14,5,9,5,14,15,15,2,5,3,2,15,15,16,3,12,8,7,7,17,12,10,18,19,19,11,10,19,20,13,13,11,19,21,14,13,13,20,21,22,15,14,14,21,22,22,23,16,16,15,22,0,24,25,25,1,0,1,25,26,26,4,1,6,27,28,28,7,6,4,26,27,27,6,4,29,30,28,28,31,29,32,31,28,28,27,32,27,26,33,33,32,27,26,25,34,34,33,26,24,35,34,34,25,24,30,17,7,7,28,30,29,31,36,36,37,29,36,31,32,32,38,36,39,38,32,32,33,39,40,39,33,33,34,40,40,34,35,35,41,40],"type":"triangles","base":0,"count":180}],"meshInstances":[{"node":1,"mesh":0}]}}