{"model":{"version":3,"nodes":[{"name":"RootNode","position":[0,0,0],"rotation":[0,0,0],"scale":[1,1,1],"scaleCompensation":false},{"name":"yhbl","position":[0,0,0],"rotation":[-90,-0,0],"scale":[5.86003,5.86003,5.86003],"scaleCompensation":false}],"parents":[-1,0],"skins":[],"morphs":[],"vertices":[{"position":{"type":"float32","components":3,"data":[-0.0070079,-0.00387968,0.00626115,-0.00800473,-0.00360969,0.00165555,-0.0081735,-0.0655991,0.000569016,-0.00715459,-0.0651169,0.00542356,-0.00493216,-0.0643141,0.0153004,-0.00489361,-0.00442708,0.0157438,0.00693197,-0.00662309,0.0590109,0.00812839,-0.0607738,0.0594906,-0.00558542,0.0628643,0.00717407,-0.0065737,0.0625569,0.0028153,-0.00356292,0.0636589,0.0162478,0.00249024,0.0655995,0.0377854,0.00817349,0.0594827,0.0584253]},"normal":{"type":"float32","components":3,"data":[-0.976574,0.00843486,0.215014,-0.977193,0.00864761,0.212176,-0.9786,-0.000496218,0.205772,-0.977255,-0.000559688,0.212067,-0.969258,-0.00556489,0.245985,-0.970354,0.0086181,0.241536,-0.963219,0.00542331,0.268663,-0.958418,-0.018653,0.284758,-0.975832,0.0173971,0.21783,-0.975363,0.01724,0.219931,-0.969539,0.01714,0.244337,-0.962821,0.0166556,0.269625,-0.963201,0.0178282,0.268192]},"texCoord0":{"type":"float32","components":2,"data":[0.2399,0.7693,0.2411,0.752,0.013,0.7448,0.0145,0.7631,0.017,0.8004,0.2374,0.8051,0.2271,0.9701,0.0277,0.9694,0.4856,0.7771,0.4847,0.7606,0.488,0.8114,0.494,0.8933,0.4704,0.972]}}],"meshes":[{"aabb":{"min":[-0.0081735,-0.0655991,0.000569016],"max":[0.00817349,0.0655995,0.0594906]},"vertices":0,"indices":[0,1,2,2,3,0,0,3,4,4,5,0,6,5,4,4,7,6,8,9,1,1,0,8,8,0,5,5,10,8,5,11,10,12,11,5,5,6,12],"type":"triangles","base":0,"count":39}],"meshInstances":[{"node":1,"mesh":0}]}}